{"wangrui":[{"name":"test","type":"to","avatar":"http://localhost:3000/images/avatar/26.jpg","message":"wefqwe"},{"name":"test2","type":"to","avatar":"http://localhost:3000/images/avatar/22.jpg","message":"qefqerfwqf"},{"name":"test","type":"to","avatar":"http://localhost:3000/images/avatar/26.jpg","message":"1"},{"name":"test","type":"to","avatar":"http://localhost:3000/images/avatar/26.jpg","message":"1"},{"name":"test","type":"to","avatar":"http://localhost:3000/images/avatar/26.jpg","message":"fwefwef"},{"name":"test","type":"to","avatar":"http://localhost:3000/images/avatar/26.jpg","message":"1"},{"name":"test","type":"to","avatar":"http://localhost:3000/images/avatar/26.jpg","message":"1"},{"name":"test","type":"to","avatar":"http://localhost:3000/images/avatar/26.jpg","message":"1"},{"name":"test","type":"to","avatar":"http://localhost:3000/images/avatar/26.jpg","message":"11\n\n1\n\n"},{"name":"test","type":"to","avatar":"http://localhost:3000/images/avatar/26.jpg","message":"1"},{"name":"test","type":"from","avatar":"http://localhost:3000/images/avatar/26.jpg","message":"dwqwqd"},{"name":"test","type":"from","avatar":"http://localhost:3000/images/avatar/26.jpg","message":"averf"},{"name":"test","type":"from","avatar":"http://localhost:3000/images/avatar/26.jpg","message":"wefwef"},{"name":"test","type":"to","avatar":"http://localhost:3000/images/avatar/26.jpg","message":"1111"},{"name":"admin","type":"to","avatar":"http://localhost:3000/images/avatar/26.jpg","message":"222\n222"},{"name":"admin","type":"to","avatar":"http://localhost:3000/images/avatar/26.jpg","message":"222"},{"name":"test2","type":"to","avatar":"http://localhost:3000/images/avatar/22.jpg","message":"333"},{"name":"test2","type":"to","avatar":"http://localhost:3000/images/avatar/22.jpg","message":"333"},{"name":"test2","type":"to","avatar":"http://localhost:3000/images/avatar/22.jpg","message":"333"}],"test":[{"name":"wangrui","type":"from","avatar":"http://localhost:3000/images/avatar/25.jpg","message":"wefqwe"},{"name":"wangrui","type":"from","avatar":"http://localhost:3000/images/avatar/25.jpg","message":"1"},{"name":"wangrui","type":"from","avatar":"http://localhost:3000/images/avatar/25.jpg","message":"1"},{"name":"wangrui","type":"from","avatar":"http://localhost:3000/images/avatar/25.jpg","message":"fwefwef"},{"name":"wangrui","type":"from","avatar":"http://localhost:3000/images/avatar/25.jpg","message":"1"},{"name":"wangrui","type":"from","avatar":"http://localhost:3000/images/avatar/25.jpg","message":"1"},{"name":"wangrui","type":"from","avatar":"http://localhost:3000/images/avatar/25.jpg","message":"1"},{"name":"wangrui","type":"from","avatar":"http://localhost:3000/images/avatar/25.jpg","message":"11\n\n1\n\n"},{"name":"wangrui","type":"from","avatar":"http://localhost:3000/images/avatar/25.jpg","message":"1"},{"name":"wangrui","type":"to","avatar":"http://localhost:3000/images/avatar/25.jpg","message":"dwqwqd"},{"name":"test2","type":"to","avatar":"http://localhost:3000/images/avatar/22.jpg","message":"1"},{"name":"test2","type":"to","avatar":"http://localhost:3000/images/avatar/22.jpg","message":"efw"},{"name":"test2","type":"to","avatar":"http://localhost:3000/images/avatar/22.jpg","message":"qefe"},{"name":"wangrui","type":"to","avatar":"http://localhost:3000/images/avatar/25.jpg","message":"averf"},{"name":"wangrui","type":"to","avatar":"http://localhost:3000/images/avatar/25.jpg","message":"wefwef"},{"name":"wangrui","type":"from","avatar":"http://localhost:3000/images/avatar/25.jpg","message":"1111"},{"name":"admin","type":"to","avatar":"http://localhost:3000/images/avatar/26.jpg","message":"admin"}],"test2":[{"name":"wangrui","type":"from","avatar":"http://localhost:3000/images/avatar/25.jpg","message":"qefqerfwqf"},{"name":"test","type":"from","avatar":"http://localhost:3000/images/avatar/26.jpg","message":"1"},{"name":"test","type":"from","avatar":"http://localhost:3000/images/avatar/26.jpg","message":"efw"},{"name":"test","type":"from","avatar":"http://localhost:3000/images/avatar/26.jpg","message":"qefe"},{"name":"wangrui","type":"from","avatar":"http://localhost:3000/images/avatar/25.jpg","message":"333"},{"name":"wangrui","type":"from","avatar":"http://localhost:3000/images/avatar/25.jpg","message":"333"},{"name":"wangrui","type":"from","avatar":"http://localhost:3000/images/avatar/25.jpg","message":"333"}],"admin":[{"name":"wangrui","type":"from","avatar":"http://localhost:3000/images/avatar/25.jpg","message":"222\n222"},{"name":"wangrui","type":"from","avatar":"http://localhost:3000/images/avatar/25.jpg","message":"222"},{"name":"test","type":"from","avatar":"http://localhost:3000/images/avatar/26.jpg","message":"admin"}]}