[{"name":"wangrui","iamge":"http://localhost:3000/images/avatar/25.jpg","title":"Global Gourmet Guild","content":"The Global Gourmet Guild is a melting pot for culinary enthusiasts who appreciateinternational cuisines. Members actively share and explore diverse recipes, engagein discussions about various food cultures, and exchange cooking tips, providing arich experience for food lovers of all levels.","children":[]},{"name":"wangrui","iamge":"http://localhost:3000/images/avatar/25.jpg","title":"Healthy Eating Hub","content":"Healthy Eating Hub is a supportive community for individuals committed to anutritious lifestyle. Members share tantalizing yet health-conscious recipes, offerinsights into effective dietary plans, and promote the joy of creating and enjoying foodthat is as good for the body as it is for the palate.","children":[]}]