[{"username":"test","password":"test","avatar":"http://localhost:3000/images/avatar/26.jpg","newMsg":{"wangrui":0,"admin":0,"test2":0}},{"username":"admin","password":"123456","avatar":"http://localhost:3000/images/avatar/26.jpg","newMsgCount":11,"newMsg":{"test":0}},{"username":"test2","password":"test","avatar":"http://localhost:3000/images/avatar/22.jpg","newMsgCount":3,"newMsg":{"wangrui":3}},{"username":"wangrui","password":"666","avatar":"http://localhost:3000/images/avatar/25.jpg","newMsgCount":3,"newMsg":{"test":0,"admin":0,"test2":0}}]